{"cameraMode":{"drawMode":0,"name":"Shaded","section":"Shading Mode"},"sceneLighting":false,"audioPlay":false,"sceneViewState":{"m_AlwaysRefresh":false,"showFog":true,"showSkybox":true,"showFlares":true,"showImageEffects":true,"showParticleSystems":true,"showVisualEffectGraphs":true,"m_FxEnabled":false},"in2DMode":false,"pivot":{"x":-1.9366042613983155,"y":5.870126247406006,"z":-26.462114334106447},"rotation":{"x":0.052468303591012958,"y":0.017077475786209108,"z":-0.0008975243545137346,"w":0.998478353023529},"size":0.8660253882408142,"orthographic":false}